,AUC_diff,AUC_data,AUC_with_gaussian_kernel_data,amp_diff_start_end,duration,f0_mean,f0_median,first_max_to_second_max_freq,find_first_maximum,find_freq_for_minimum_amp,find_second_maximum,find_third_maximum,calculate_fundamental_frequency,lpc_diff,lpc_max_neg_run,lpc_max_pos_run,lpc_mean,lpc_neg_to_pos_ratio,lpc_stdev,max_to_min_freq,mean_amplitude,mean_difference,mffc_mean,mffc_median,mffc_stdev,count_prime_freqs,spectral_flatness_mean,spectral_flatness_median,stddev_difference,tempo,normalized_total_energy,what_part_is_lower_than,where_max_amp,zero_crossing_rate,zero_crossing_rate_mean,word,gender
0,0.0008584351881302556,0.02749668010835516,0.02748934024478312,-0.001618504524230957,0.13745833333333332,,,1.0195121951219512,1520.4607456805095,1673.2343134283117,1491.361018490452,1433.1615641103367,758.3478770134376,0.9034131765365601,1.0,1.0,0.00013220522669143975,1.0,6.712490081787109,0.9086956521739131,0.05879053846001625,0.04051774740219116,-13.305931091308594,-11.095848083496094,106.64307403564453,0.135678391959799,0.002880432875826955,5.506435627466999e-06,0.025714542716741562,119.68085106382979,0.0063286395743489265,0.7722036980903304,0.7643225219763564,0.050706129807692304,0.050706129807692304,Word.NIE,Gender.MALE
1,-0.011003966120561127,0.047393496325324164,0.0486895382754315,-0.0006286874413490295,0.2421875,191.59104147692744,185.53491851227466,0.9148936170212765,177.54838709677418,445.93548387096774,194.06451612903226,185.80645161290323,167.84485507625587,0.3466736376285553,1.0,1.0,0.00019474327564239502,1.0,2.9136126041412354,0.3981481481481481,0.009671471081674099,0.0039893025532364845,-23.882614135742188,-6.119143009185791,149.2774200439453,0.1782178217821782,0.0006511703832075,1.5842455468373373e-05,0.003315374255180359,119.68085106382979,0.00015496020205318928,0.787010752688172,0.8276129032258065,0.030358355978260868,0.030358355978260868,Word.TAK,Gender.FEMALE
2,-0.004560578368680884,0.027572265527934178,0.026062106655012053,0.0034288614988327026,0.1960625,171.66139386119713,169.64348395823043,1.0076923076923077,668.1542875358623,1795.3458718520878,663.0538731271915,673.2547019445329,380.879808637505,0.5246515274047852,1.0,1.0,0.00020079741079825908,1.0,5.493577480316162,0.37215909090909094,0.05966486409306526,0.021168019622564316,-21.52814483642578,-12.619205474853516,103.48458862304688,0.14342629482071714,0.003508760826662183,4.752615950565087e-06,0.02294202148914337,119.68085106382979,0.006713150069117546,0.8970353841249602,0.45053660609924556,0.06291118421052631,0.06291118421052631,Word.NIE,Gender.FEMALE
3,-0.009150445641397126,0.04639543128629372,0.044914474945183205,0.001166321337223053,0.1548125,245.62579855920217,244.81070866093103,1.4999999999999998,736.374646750101,516.7541380702463,490.916431166734,729.9152200242229,257.32533729410767,-199912.59375,1.0,3.0,29.034912109375,0.4,2147175.75,1.425,0.06264816224575043,0.03884223848581314,-19.278127670288086,-8.608859062194824,111.6739501953125,0.07142857142857142,0.0008332885336130857,1.5517018709942931e-06,0.017399193719029427,119.68085106382979,0.005819384008646011,0.5463598438971875,0.41865159467097296,0.030078125,0.030078125,Word.RAND,Gender.FEMALE
4,0.0026610227560451005,0.029501439675398533,0.02903040885158208,0.34242913126945496,0.113,271.8982048514732,274.79531367221716,1.0327868852459017,557.5221238938054,1132.7433628318586,539.8230088495576,548.6725663716815,285.8420468619272,1.251563310623169,1.0,1.0,0.00018068935605697334,1.0,6.406877517700195,0.49218750000000006,0.11085410416126251,0.03950463980436325,-18.769420623779297,-9.93130874633789,90.67793273925781,0.1891891891891892,0.0009152298443950713,1.0885051779041532e-05,0.034060701727867126,0.0,0.021317340433597565,0.6720132743362832,0.6191002949852508,0.02490234375,0.02490234375,Word.TAK,Gender.MALE
5,0.0037657040745813393,0.01937487724562976,0.019161867443365874,-7.816404104232788e-05,0.0869375,230.41085969777959,231.07053937445463,2.0,1380.3019410496045,655.6434219985622,690.1509705248022,1391.8044572250178,255.0153717907757,0.5698370933532715,1.0,1.0,0.00021043207379989326,1.0,3.9107375144958496,2.1052631578947367,0.05308370664715767,0.02336747944355011,-19.393962860107422,-7.905817031860352,99.12945556640625,0.029411764705882353,0.002242098795250058,1.9492863430059515e-05,0.01189514622092247,0.0,0.004557443782687187,0.7193865324706447,0.43733525041936255,0.038628472222222224,0.038628472222222224,Word.TAK,Gender.MALE
6,0.00043368587791670424,0.012183953812760918,0.012144829506275028,0.0033835917711257935,0.04739583333333333,,,1.1785714285714288,696.2637362637363,63.2967032967033,590.7692307692307,675.1648351648352,5000.335100071767,1652.60302734375,1.0,3.0,-0.02981344237923622,0.5555555555555556,9210.109375,11.0,0.08357764780521393,0.016616113483905792,-5.224424362182617,-4.385189056396484,90.52620697021484,0.14893617021276595,0.001974363811314106,0.000766891345847398,0.01875709742307663,0.0,0.011376246809959412,0.6421978021978022,0.40263736263736266,0.01865234375,0.01865234375,Word.RAND,Gender.MALE
7,-0.004874666206232429,0.009178792581917502,0.009143692088411214,-0.0007194075733423233,0.05585416666666667,,,0.3243243243243243,214.84520701230883,1987.3181648638567,662.4393882879523,680.3431555389781,242.38124548890846,1.0953795909881592,1.0,1.0,0.00018129603995475918,1.0,5.8824567794799805,0.1081081081081081,0.009419970214366913,0.0046043251641094685,-21.42506217956543,-4.134849548339844,124.27310180664062,0.15254237288135594,0.004569486249238253,0.0016809087246656418,0.002681493293493986,140.625,0.00015771694597788155,0.876165609847072,0.6616933979858262,0.026204427083333332,0.026204427083333332,Word.TAK,Gender.FEMALE
8,0.003508997039427253,0.04147557908667493,0.03900710957678105,-0.6565210223197937,0.25885416666666666,104.24198979434334,102.63380643201336,0.6207951070336392,784.2253521126761,231.79074446680082,1263.2595573440644,776.4989939637827,177.95759784454356,2.3454713821411133,1.0,1.0,0.00020964231225661933,1.0,10.619505882263184,3.3833333333333333,0.12607084214687347,0.05686807632446289,-5.5332489013671875,-5.130777359008789,94.0572509765625,0.11764705882352941,0.0015515470877289772,9.641526048653759e-06,0.06048336625099182,312.5,0.03132683411240578,0.8559356136820926,0.3298189134808853,0.03453125,0.03453125,Word.TAK,Gender.MALE
9,-0.021958912066781064,0.14658136645043138,0.10837776665749932,-0.0005961451679468155,0.676125,179.95577109552443,211.89261887185907,0.9166666666666666,211.49935293030137,252.9118136439268,230.72656683305604,232.20558328711408,539.129592822062,1.2454001903533936,1.0,1.0,6.692005263175815e-05,1.0,5.751039981842041,0.8362573099415206,0.010277311317622662,0.011284498497843742,-25.348356246948242,0.2530885934829712,153.4244842529297,0.19298245614035087,0.0002414414193481207,4.381182588986121e-05,0.005713045597076416,181.4516129032258,0.0001774229749571532,0.7128551180131879,0.22733715412583966,0.01725006103515625,0.01725006103515625,Word.NIE,Gender.FEMALE
10,0.00661806267061342,0.04813544944680727,0.04626026061283468,0.1247815415263176,0.16610416666666666,173.35042608413687,187.68759933422865,0.9696969696969696,192.65019440612065,270.9143358836072,198.67051298131193,180.6095572557381,1662.6375487542714,0.9114474058151245,1.0,1.0,9.10804228624329e-05,1.0,4.876924991607666,0.711111111111111,0.04421383515000343,0.021246496587991714,-9.86559009552002,0.3297891914844513,105.97321319580078,0.16129032258064516,0.0007899397169239819,4.7650886699557304e-05,0.014263609424233437,119.68085106382979,0.002789774676784873,0.5768217734855136,0.4007274551611689,0.011322021484375,0.011322021484375,Word.NIE,Gender.MALE
11,-8.125958457842059e-06,0.02020866236661368,0.02002006707774694,0.03908470273017883,0.10997916666666667,,,0.9683544303797469,1391.1725705626066,1654.8588747868914,1436.6357264633452,1454.8209888236408,474.30436432125657,1.186985731124878,1.0,1.0,0.00020195543766021729,1.0,8.893776893615723,0.8406593406593407,0.16418299078941345,0.07133543491363525,-10.35757827758789,-11.573622703552246,80.00070190429688,0.15384615384615385,0.003157008672133088,7.4336085162940435e-06,0.06125941872596741,119.68085106382979,0.04993961378931999,0.7967418071604471,0.6878196628149271,0.04847301136363636,0.04847301136363636,Word.TAK,Gender.MALE
12,0.00572164260572177,0.09379031018358341,0.081400490586821,0.10364615172147751,0.38033333333333336,131.28368944647255,131.9507910772894,0.9803921568627452,131.46362839614375,399.649430324277,134.09290096406662,128.83435582822085,302.72260282242405,1.1296632289886475,1.0,1.0,0.00021826157171744853,1.0,6.237477779388428,0.32894736842105265,0.030950557440519333,0.012295559048652649,-12.309548377990723,6.240830421447754,126.98162841796875,0.1276595744680851,0.0007165786228142679,4.8713945943745784e-06,0.007598632946610451,267.85714285714283,0.0014606693293899298,0.6663014899211218,0.6569347063978965,0.028157552083333332,0.028157552083333332,Word.RAND,Gender.MALE
13,-0.002741577296345927,0.02865112773081289,0.028511237326178163,-2.753734588623047e-05,0.12091666666666667,223.59097381024432,223.1994285260446,2.9999999999999996,669.8828394210889,1529.9793246037216,223.29427980702965,678.1529979324604,250.31980633260002,9337094619004928.0,1.0,5.0,-12754646016.0,0.2727272727272727,2.396040062618829e+16,0.4378378378378378,0.044193413108587265,0.012805353850126266,-18.816852569580078,-10.122621536254883,113.91073608398438,0.21212121212121213,0.0012023764429613948,3.405257757549407e-06,0.014050550758838654,119.68085106382979,0.003399068024009466,0.7195037904893177,0.24948311509303928,0.0347900390625,0.0347900390625,Word.TAK,Gender.FEMALE
14,-0.00019568212468187157,0.021581171531964777,0.02127299249059921,0.0043092817068099976,0.09558333333333334,,,0.6833333333333333,428.9450741063645,1579.7733217088057,627.7244986922407,585.8761987794246,565.5454941598148,0.8940521478652954,1.0,1.0,0.00031898863380774856,1.0,5.830502510070801,0.271523178807947,0.08122297376394272,0.021586120128631592,-18.621185302734375,-15.82869815826416,83.23056030273438,0.16129032258064516,0.001928640529513359,4.1682324081193656e-05,0.02244533970952034,119.68085106382979,0.011273561045527458,0.7249346120313862,0.48234524847428073,0.04481336805555555,0.04481336805555555,Word.RAND,Gender.MALE
15,0.0009960983433398157,0.027371153431408467,0.027142634725697105,0.10623124986886978,0.1061875,127.23250366673554,128.1944081920729,0.5185185185185185,131.84226015303122,3748.0871100647446,254.26721600941735,263.68452030606244,149.1984189983588,0.49890026450157166,1.0,1.0,6.254230538615957e-05,1.0,3.6409575939178467,0.035175879396984924,0.033971283584833145,0.012452879920601845,-10.487916946411133,-1.1050081253051758,112.98819732666016,0.22857142857142856,0.0012212118599563837,2.2720592824043706e-05,0.009000787511467934,137.1951219512195,0.001924043637700379,0.6484206395919168,0.6868746321365509,0.04140625,0.04140625,Word.NIE,Gender.MALE
16,-0.0069398683423588375,0.07777058027339608,0.07525876647467687,-5.319714546203613e-06,0.4026666666666667,105.69839058184814,106.86869820823887,1.005813953488372,429.63576158940396,1989.2384105960266,427.1523178807947,424.66887417218544,178.2708005202775,1.4696781635284424,1.0,1.0,0.0001729726791381836,1.0,6.576323986053467,0.215980024968789,0.03207150474190712,0.015131179243326187,-13.614297866821289,-6.418741226196289,116.27352142333984,0.12727272727272726,0.0004886008682660758,4.198024544166401e-05,0.00898362509906292,216.34615384615384,0.001712751924060285,0.773334023178808,0.24265314569536423,0.03674958881578947,0.03674958881578947,Word.NIE,Gender.MALE
17,-0.001170811332522441,0.019325599475324418,0.019286674519750538,-0.009291142225265503,0.12079166666666667,218.24902500531908,223.1994285260446,1.0120481927710843,695.4122111072784,786.4780958951363,687.1334943083823,1374.2669886167646,211.03000200655745,0.4168664813041687,1.0,1.0,0.00017672378453426063,1.0,4.820926666259766,0.8842105263157894,0.08299164474010468,0.08763384819030762,-8.771292686462402,-1.9856725931167603,95.64322662353516,0.10679611650485436,0.002032470190897584,9.92341938399477e-06,0.0682285949587822,119.68085106382979,0.013914716430008411,0.8625388064849948,0.21179717143842705,0.040242513020833336,0.040242513020833336,Word.RAND,Gender.FEMALE
18,-0.013440025046380782,0.06564316261762668,0.05711092197284742,0.3416648507118225,0.2984791666666667,214.12979040715504,213.12010032569688,1.1016949152542372,217.77064284218605,2495.9865987296707,197.6687373490612,201.01905493124866,366.4829565946558,2.475515127182007,1.0,1.0,4.3175048631383106e-05,1.0,13.328400611877441,0.087248322147651,0.0886903926730156,0.018614262342453003,-17.35719108581543,-9.17129135131836,96.47504425048828,0.1443850267379679,0.0004497899208217859,1.0427600500406697e-05,0.020571935921907425,119.68085106382979,0.012090184725821018,0.7313464088783416,0.5349340406226006,0.04994419642857143,0.04994419642857143,Word.NIE,Gender.MALE
19,0.0035525014330249384,0.05681596884253966,0.051349550387646964,0.26312756538391113,0.2522916666666667,112.71936158642843,110.95694720678449,1.037037037037037,110.98265895953759,1767.7952105697773,107.01899256812553,218.0016515276631,113.0553894068886,2.631897449493408,1.0,1.0,5.206891273701331e-06,1.0,11.639745712280273,0.06278026905829596,0.07279959321022034,0.029636293649673462,-5.801534175872803,-0.43753260374069214,114.21376037597656,0.16037735849056603,0.0005817341734655201,3.895535883202683e-06,0.02380189299583435,119.68085106382979,0.008708533830940723,0.7347646573080099,0.5317093311312965,0.029866536458333332,0.029866536458333332,Word.NIE,Gender.MALE
20,-0.005985550123555646,0.020352073579418144,0.020009088663008767,0.001658707857131958,0.14777083333333332,192.93619690114363,190.9683207820833,0.9882352941176472,568.4477654025096,1752.7139433244045,575.2150007049204,2070.7740025377134,547.576653461769,1.6867517232894897,1.0,1.0,0.00020835654868278652,1.0,9.43458366394043,0.32432432432432434,0.06597159802913666,0.00755772739648819,-10.927454948425293,-0.537248432636261,96.60015106201172,0.12371134020618557,0.002153913490474224,1.5766301658004522e-05,0.013944130390882492,119.68085106382979,0.008858144283294678,0.8862258564782179,0.7102777386155364,0.07777622767857142,0.07777622767857142,Word.NIE,Gender.FEMALE
21,-0.005373526815446186,0.04468885297867521,0.043894986844953715,0.13912786543369293,0.13527083333333334,129.0064509211102,128.9370308439579,0.48571428571428577,125.67380255659941,140.45895579855227,258.7401817341752,133.06637917757584,1965.2710724225694,0.6218533515930176,1.0,1.0,0.00015659630298614502,1.0,3.3519558906555176,0.8947368421052633,0.056422874331474304,0.02659754827618599,-7.99264669418335,2.4215433597564697,108.36827850341797,0.06666666666666667,0.0008722948259674013,4.460221316548996e-05,0.014041617512702942,119.68085106382979,0.004651338793337345,0.5016171261358386,0.34714307716001847,0.01494891826923077,0.01494891826923077,Word.NIE,Gender.MALE
22,0.0015639485668260539,0.03392430426902772,0.03253266107363674,-0.0003130510449409485,0.16375,85.66678060422785,85.55950256826023,0.14141414141414144,85.49618320610686,335.8778625954198,604.5801526717556,170.99236641221373,102.04124077236294,0.5943747758865356,2.0,1.0,0.00015541644825134426,1.0,3.2607102394104004,0.2545454545454546,0.0344565249979496,0.014248646795749664,-8.16147232055664,1.0463917255401611,119.54142761230469,0.13333333333333333,0.0014109668554738164,1.1695293324009981e-05,0.01222153939306736,119.68085106382979,0.0019625071436166763,0.7451653944020357,0.4935114503816794,0.021484375,0.021484375,Word.TAK,Gender.MALE
23,0.006558505629627835,0.037778737830558476,0.03954144516396532,-0.15445494651794434,0.1801875,107.03732983801639,103.82981797320593,1.1234567901234567,505.02948317724594,1481.789802289282,449.531737773153,527.2285813388831,145.1848494830696,1.641541600227356,1.0,1.0,3.420029315748252e-05,1.0,9.474156379699707,0.3408239700374532,0.03954896330833435,0.01313791424036026,-13.989266395568848,-2.6996593475341797,124.47427368164062,0.15517241379310345,0.0006278791697695851,3.1737640711071435e-06,0.009785419330000877,119.68085106382979,0.002536118496209383,0.7354607469071569,0.12498554746213435,0.023293887867647058,0.023293887867647058,Word.RAND,Gender.MALE
24,-0.001536623901229689,0.1315506791621116,0.09590099205464546,0.3258082866668701,0.6517916666666667,192.7934839519815,191.21980472510478,1.0046948356807512,656.651537428882,860.7044684523429,653.5830723007095,219.3952566643227,278.19249791712247,0.791406512260437,1.0,1.0,0.00016643106937408447,1.0,5.03988790512085,0.7629233511586453,0.08198671787977219,0.06347394734621048,-21.812347412109375,-9.389402389526367,109.16046142578125,0.16483516483516483,0.000461485527921468,5.658645022776909e-06,0.030763909220695496,170.45454545454547,0.011363297700881958,0.7532122994310554,0.7245732915681136,0.027178364415322582,0.027178364415322582,Word.RAND,Gender.MALE
25,-0.007105383070401018,0.06436232477793324,0.030037935492237197,0.00011369585990905762,0.7707083333333333,234.57365672440525,236.47155720542963,1.0054054054054054,241.33643293507055,682.4890522787479,240.03892523111855,234.84889441531058,591.3424308945163,0.8967413902282715,1.0,1.0,0.0002444045967422426,1.0,4.671900749206543,0.35361216730038025,0.01731082983314991,0.03118268959224224,-24.63679313659668,-2.347282648086548,141.388916015625,0.16404886561954624,0.0009020873112604022,9.571872215019539e-05,0.027615593746304512,244.56521739130434,0.0010270081693306565,0.9349624263394064,0.9744012542574472,0.031056025256849314,0.031056025256849314,Word.RAND,Gender.MALE
26,7.105689914256412e-05,0.008934416315107392,0.008899029987545364,-0.23994535207748413,0.0604375,,,1.5,1290.5894519131334,2680.4550155118927,860.392967942089,1406.41158221303,102.59930756748456,23063036.0,1.0,1.0,-13809.826171875,1.0,95541456.0,0.48148148148148145,0.04139680042862892,0.0187503844499588,-14.388471603393555,-8.93129825592041,98.61104583740234,0.1518987341772152,0.004641266074031591,0.0014571285573765635,0.021036062389612198,0.0,0.003761213505640626,0.884522578421234,0.6728714236470182,0.0341796875,0.0341796875,Word.TAK,Gender.MALE
27,-0.008708797171008146,0.026698640021813033,0.02668611890251442,0.4911082983016968,0.13466666666666666,203.75685411374624,200.0,1.009433962264151,794.5544554455446,1180.6930693069307,787.1287128712871,1774.752475247525,355.92209069531026,0.8616440296173096,2.0,1.0,0.00022406929929275066,1.0,7.668799877166748,0.6729559748427673,0.1169714704155922,0.028409384191036224,-11.537968635559082,-4.9315361976623535,83.11578369140625,0.16783216783216784,0.0017012844327837229,8.106277164188214e-06,0.021452508866786957,119.68085106382979,0.023647069931030273,0.7866646039603961,0.7713490099009901,0.05292217548076923,0.05292217548076923,Word.TAK,Gender.FEMALE
28,0.002295483649045211,0.044794551769018864,0.04444568095392204,0.00022597983479499817,0.14154166666666668,198.854387530972,196.56411970905023,1.0357142857142856,204.88666470415075,600.5298793052694,197.82160730055935,211.95172210774214,1898.9998556212722,0.7034858465194702,1.0,1.0,0.0001376548025291413,1.0,4.160192966461182,0.3411764705882353,0.019943656399846077,0.01146742608398199,-20.67266082763672,-0.2985687553882599,138.41307067871094,0.14285714285714285,0.0006463584722951055,4.0193153836298734e-05,0.009172259829938412,119.68085106382979,0.0006099920137785375,0.5613776861937003,0.24757138651751545,0.013288225446428572,0.013288225446428572,Word.NIE,Gender.FEMALE
29,-0.0033478419534125683,0.027819765378975486,0.02719450817282225,-0.022683635354042053,0.12739583333333335,226.39500593173506,225.79288096122622,0.5,902.698282910875,1852.4938675388391,1805.39656582175,1797.5470155355686,278.94020172035664,1.0241507291793823,1.0,2.0,0.0002803121169563383,0.75,6.926498889923096,0.4872881355932204,0.11653225123882294,0.05477776378393173,-9.237248420715332,-3.7245450019836426,84.10443115234375,0.10344827586206896,0.0016447720117866993,5.091228103992762e-06,0.04179835319519043,119.68085106382979,0.025081628933548927,0.7597710547833197,0.45282093213409647,0.055460611979166664,0.055460611979166664,Word.TAK,Gender.FEMALE
30,-0.0009686477133946034,0.038906556909372114,0.03733408329290545,0.07765471935272217,0.17279166666666668,207.8910575881792,201.15858821357068,0.9729729729729729,208.34338075717386,491.9218712322161,214.1306968893176,225.70532915360502,1594.4572836035577,-4.3634843826293945,1.0,2.0,0.001810857211239636,0.75,21.647581100463867,0.4235294117647058,0.021464107558131218,0.010368259623646736,-20.098669052124023,-3.8500287532806396,138.11476135253906,0.2087912087912088,0.0008519244147464633,9.344861609861255e-06,0.010838092304766178,119.68085106382979,0.0007393623236566782,0.7241379310344828,0.6001929105377382,0.01608455882352941,0.01608455882352941,Word.RAND,Gender.FEMALE
31,-0.0006604834144490375,0.05389987949815004,0.051543610042095456,0.0007407627999782562,0.17402083333333335,239.98755310856126,254.91212546385245,0.9782608695652174,258.58972824135043,143.66096013408358,264.33616664671376,270.08260505207716,268.0850440360164,0.8067808151245117,1.0,1.0,0.00010129170550499111,1.0,4.354114055633545,1.7999999999999998,0.0419536828994751,0.017272651195526123,-19.32953453063965,-2.845304012298584,116.99686431884766,0.16279069767441862,0.0007360898889601231,2.858304651454091e-05,0.014845937490463257,119.68085106382979,0.002475052373483777,0.5134682150125703,0.5756015802705615,0.011173023897058824,0.011173023897058824,Word.NIE,Gender.MALE
32,0.0006449145552909208,0.08960482797720615,0.04914483108991123,0.00015456229448318481,0.7499583333333333,188.54371846292437,188.7748625363387,1.0017699115044247,754.7085949219402,1469.4149674981945,753.3751875104173,756.042002333463,211.25053677215044,-11.338143348693848,2.0,2.0,0.0445425845682621,0.75,6702.6640625,0.5136116152450091,0.036411456763744354,0.017785977572202682,-21.11040496826172,-5.356184005737305,123.5754623413086,0.09438202247191012,0.0006131535046733916,4.567841187963495e-06,0.019346708431839943,170.45454545454547,0.0029732028488069773,0.9132451802877938,0.48422134563031277,0.03425533670774648,0.03425533670774648,Word.RAND,Gender.FEMALE
33,-0.0016464150968327207,0.05159510555211208,0.045994577605586624,0.48494526743888855,0.30445833333333333,172.4551288374136,143.06459324352582,0.33962264150943394,236.4855617900643,1507.59545641166,696.3185986040783,699.6031202956069,1012.8881978559168,0.8046172857284546,1.0,1.0,0.000280293490504846,1.0,4.073440074920654,0.1568627450980392,0.10119229555130005,0.11622580885887146,-7.937143802642822,-3.6551263332366943,97.4833755493164,0.15853658536585366,0.00033430696930736303,2.27492655540118e-05,0.06937998533248901,140.625,0.020202763378620148,0.8103872998494595,0.27986861913233885,0.02833714978448276,0.02833714978448276,Word.RAND,Gender.MALE
34,0.0015777687224579062,0.039424044821836236,0.03963487892452495,-0.12253984808921814,0.20689583333333333,215.1326650637137,205.86044732869837,1.0102564102564102,952.1699728124056,2639.009163226261,942.5032725808076,193.33400463196054,241.17771462364703,-625006592.0,4.0,4.0,-10184.982421875,1.0,1758459264.0,0.3608058608058608,0.027462603524327278,0.013697262853384018,-26.57115364074707,-17.08409881591797,125.1328125,0.11946902654867257,0.0011993052903562784,8.403030733461492e-06,0.011332191526889801,119.68085106382979,0.0013482406502589583,0.7927701137851173,0.11700735071996778,0.0413818359375,0.0413818359375,Word.TAK,Gender.MALE
35,-0.006291752250163384,0.03982189799732359,0.03873668921832862,-0.00022622011601924896,0.133,194.47854063635427,193.753291348525,1.0399999999999998,195.48872180451127,766.9172932330827,187.9699248120301,203.00751879699249,2025.5984009508754,0.8112581372261047,1.0,1.0,7.60108232498169e-05,1.0,4.71820068359375,0.2549019607843137,0.01942547596991062,0.003685133531689644,-19.601808547973633,-1.852557897567749,139.2250518798828,0.17391304347826086,0.0005912497290410101,1.7875867342809215e-05,0.002302299253642559,119.68085106382979,0.0005499882972799242,0.5520050125313283,0.6080827067669173,0.019118088942307692,0.019118088942307692,Word.NIE,Gender.FEMALE
36,-0.005222322400872739,0.08748492309862793,0.08150227112672793,-0.06066562235355377,0.22139583333333332,263.5352297958583,263.9015821545788,1.0175438596491229,261.9742166180484,803.9898372071141,257.4574197798062,794.9562435306296,1393.9084673503464,0.92769855260849,1.0,1.0,0.00021983044280204922,1.0,5.40273904800415,0.32584269662921345,0.028832929208874702,0.009297767654061317,-26.395177841186523,-5.390576362609863,132.5077362060547,0.23076923076923078,0.0002953899384010583,4.892089782515541e-05,0.003170127049088478,119.68085106382979,0.0011441977694630623,0.4002070198550861,0.8126470311470781,0.02415829613095238,0.02415829613095238,Word.NIE,Gender.FEMALE
37,-0.0008413288400597012,0.037492743949922774,0.035413142165443286,0.0016881898045539856,0.19679166666666667,209.08321955701797,208.8556275355433,0.24390243902439027,203.26063942409488,716.4937539699345,833.3686216387889,828.2871056531866,222.89405599732126,123.32646942138672,1.0,1.0,-0.0029569354373961687,1.0,1546.876220703125,0.2836879432624113,0.017258256673812866,0.010742255486547947,-22.84309959411621,-11.510724067687988,128.43032836914062,0.13227513227513227,0.0011948574101552367,1.3105504876875784e-05,0.008304010145366192,119.68085106382979,0.000536399194970727,0.8036205801397417,0.5352530171501164,0.03389699835526316,0.03389699835526316,Word.TAK,Gender.FEMALE
38,0.0027094903002819887,0.016223533543895725,0.016324508072711807,-0.3226288855075836,0.07504166666666667,115.08583110430904,113.55044290708773,1.6666666666666667,399.7779011660189,612.9927817878956,239.86674069961134,386.4519711271516,473.03130291679605,-135334.4375,2.0,2.0,1.177669644355774,1.0,408592.03125,0.6521739130434783,0.08628788590431213,0.041222043335437775,-7.527292251586914,-13.580743789672852,91.10118103027344,0.1206896551724138,0.0022798883728682995,0.00041867277468554676,0.03130030259490013,0.0,0.011797882616519928,0.7165463631315936,0.1393670183231538,0.0281982421875,0.0281982421875,Word.RAND,Gender.MALE
39,-0.000580767101287823,0.013628768056500378,0.013514112617541114,0.11614060401916504,0.07666666666666666,119.24782297515598,119.60961217374037,0.3214285714285714,234.7826086956522,300.0,730.4347826086957,678.2608695652175,302.4507417886632,0.7764201164245605,1.0,2.0,0.0001556844072183594,0.75,4.52548885345459,0.782608695652174,0.024839051067829132,0.01003355160355568,-16.118846893310547,-7.703629493713379,113.36608123779297,0.10810810810810811,0.004013730678707361,0.00048089463962242007,0.009362457320094109,119.68085106382979,0.0012114911805838346,0.8296195652173913,0.4138586956521739,0.031005859375,0.031005859375,Word.TAK,Gender.MALE
40,-0.0006298242420662986,0.023029591766942276,0.02249369516696987,-0.0008075013756752014,0.12560416666666666,,,1.2285714285714284,684.6906618012938,1249.9585337535248,557.3063526289601,1329.5737269862334,688.6776242438185,1.6244046688079834,1.0,1.0,0.0004892253200523555,1.0,7.578157901763916,0.5477707006369427,0.032548192888498306,0.028653690591454506,-20.19607162475586,-13.328069686889648,105.84992980957031,0.14685314685314685,0.001607828657142818,5.105078162159771e-05,0.022042348980903625,119.68085106382979,0.0019160573137924075,0.8059379664952728,0.4196384143307348,0.038289388020833336,0.038289388020833336,Word.TAK,Gender.MALE
41,0.0005831905309703154,0.016758614112832575,0.0166574144520307,-0.037087179720401764,0.06585416666666667,118.58482386390631,118.57824505149347,2.6,592.2176526415692,1624.8022777602027,227.77602024675738,607.4027206580197,476.4623104473164,-0.09215882420539856,2.0,2.0,5.5199223425006494e-05,1.0,2.1861376762390137,0.3644859813084112,0.011766505427658558,0.008366096764802933,-19.7734375,-3.6286871433258057,138.1027069091797,0.10344827586206896,0.002576508792117238,0.0007650461047887802,0.004797684960067272,119.68085106382979,0.00023489704472012818,0.6605504587155964,0.5441316039228092,0.024623325892857144,0.024623325892857144,Word.NIE,Gender.MALE
42,-0.005805179391100659,0.028140969255343727,0.026855243726138588,0.0006057024002075195,0.19847916666666668,204.53948309133406,201.74123813697759,0.40253164556962023,801.0916343025086,1390.574157657185,1990.1333053427102,796.0533221370841,227.99388499838636,1.1173646450042725,1.0,1.0,0.0003853983071167022,1.0,6.673357009887695,0.576086956521739,0.06096499785780907,0.01175370067358017,-20.123014450073242,-9.122285842895508,96.8789291381836,0.11165048543689321,0.0015886776382103562,1.8709059077082202e-05,0.009896676987409592,119.68085106382979,0.007387108635157347,0.8871628004618453,0.6522514957489242,0.07259971217105263,0.07259971217105263,Word.NIE,Gender.FEMALE
43,-0.0033801576108314774,0.06574026191405442,0.07041663155483052,0.000340782105922699,0.22060416666666666,279.0108952325848,273.2126091285411,0.8082191780821919,267.44735102464824,575.6917555954292,330.9094343186325,326.37642836906224,1397.1450153187625,0.45570069551467896,1.0,1.0,8.61904482007958e-05,1.0,2.81048846244812,0.46456692913385833,0.026887834072113037,0.018579699099063873,-26.554967880249023,-10.841804504394531,140.72117614746094,0.20454545454545456,0.00018724147230386734,9.711004167911597e-06,0.00963295716792345,119.68085106382979,0.0010627401061356068,0.5676645575597318,0.0976485031636604,0.017461867559523808,0.017461867559523808,Word.RAND,Gender.FEMALE
44,0.000338949789952081,0.04599203680861323,0.0405922965737833,-0.0017964541912078857,0.28452083333333333,106.32711285882984,103.22835802424348,0.994949494949495,692.3921798345172,1687.0469356374022,695.9068609504284,688.8774987186058,1080.6149484804782,0.735887885093689,1.0,1.0,0.0001714564859867096,1.0,4.71040153503418,0.41041666666666665,0.05192453786730766,0.03423724323511124,-11.071550369262695,-2.8099303245544434,114.01905822753906,0.14351851851851852,0.0005152268568053842,9.03587533684913e-06,0.03152521699666977,140.625,0.005052440799772739,0.8573625247126015,0.6298601449805961,0.02710865162037037,0.02710865162037037,Word.TAK,Gender.MALE
45,-0.00012737620470576472,0.017034004111474356,0.01689790461719866,0.03748053312301636,0.09091666666666667,,,1.0909090909090908,923.9230064161321,1275.8936755270395,846.9294225481211,879.9266727772687,472.0436914595062,1.0984759330749512,2.0,1.0,0.0002757034089881927,1.0,5.854434967041016,0.7241379310344829,0.06333713233470917,0.022735845297574997,-11.179301261901855,-7.267506122589111,95.53157806396484,0.16153846153846155,0.0021985566709190607,2.5092576834140345e-05,0.020548399537801743,119.68085106382979,0.00736567098647356,0.8132447296058661,0.3162236480293309,0.039713541666666664,0.039713541666666664,Word.TAK,Gender.MALE
46,0.01199784211940558,0.03956275826758435,0.04423181032207814,0.04044196754693985,0.3388541666666667,93.79342806431126,84.57676786314485,0.46793349168646087,581.3710421149708,1655.5794651091298,1242.4223793421456,165.2628343067937,192.7268141013433,0.8606269955635071,1.0,1.0,0.00018644120427779853,1.0,4.157521724700928,0.35115864527629237,0.005601405631750822,0.00553805660456419,-24.02846908569336,-2.373670816421509,154.4855499267578,0.13513513513513514,0.000768376630730927,5.937582318438217e-05,0.004821354523301125,140.625,6.475334521383047e-05,0.9173071011374117,0.8750076852136489,0.0284423828125,0.0284423828125,Word.TAK,Gender.MALE
47,-0.00401090956520634,0.08806777201909538,0.10837969434782083,0.0007851719856262207,0.39445833333333336,184.2360802386441,175.12164368922726,1.0147058823529411,174.9234181895004,1802.471743952678,172.38829618675402,177.45854019224677,820.7818295366728,1.056617021560669,1.0,1.0,0.00010129170550499111,1.0,6.012688636779785,0.09704641350210971,0.010170034132897854,0.007868642918765545,-25.289051055908203,-1.557607889175415,153.69512939453125,0.14414414414414414,0.0002789533173199743,3.799128899117932e-05,0.005268897395581007,267.85714285714283,0.00016581255476921797,0.708038449350375,0.8945283616774057,0.023543074324324325,0.023543074324324325,Word.NIE,Gender.FEMALE
48,0.0003380730261041496,0.031027435574243412,0.030488425916033783,9.424984455108643e-05,0.2791875,81.89616497420042,81.695772662055,0.9950248756218907,716.3644504141483,3320.3492276695774,719.946272666219,633.9825386165212,235.1359767341711,0.044204432517290115,1.0,2.0,0.00013440327893476933,0.75,2.0276761054992676,0.21574973031283712,0.05469328910112381,0.07957687228918076,-9.80374526977539,-1.7263143062591553,122.40217590332031,0.14644351464435146,0.0017192813102155924,2.8500173812062712e-06,0.0779600664973259,119.68085106382979,0.007818014360964298,0.9170957391239459,0.8741884933960152,0.028718171296296297,0.028718171296296297,Word.TAK,Gender.MALE
49,-0.007555486684649976,0.15474701562731788,0.11376917787476866,-0.0006257966160774231,0.5291041666666667,258.725664566122,262.38162088748976,1.0023980815347722,790.0145686498406,2118.6754341063906,788.1245816435013,786.234594637162,733.4699617223953,1.5677276849746704,1.0,1.0,0.00017060551908798516,1.0,7.625735282897949,0.3728813559322034,0.020883770659565926,0.006888128817081451,-26.473115921020508,-1.742645502090454,133.6079864501953,0.11392405063291139,0.00022167840506881475,1.9450635591056198e-05,0.0022739386186003685,267.85714285714283,0.0006438475684262812,0.5635705004528094,0.720281923061779,0.035029296875,0.035029296875,Word.NIE,Gender.FEMALE
50,-0.0013985968448168191,0.05080352946022144,0.04888143241274319,0.0013726204633712769,0.2598958333333333,96.7332569073749,95.76072744807104,0.8894472361809045,681.0420841683367,900.3607214428858,765.6913827655311,761.8436873747496,310.98219528818373,1.037362813949585,1.0,1.0,0.000388549902709201,1.0,5.307417869567871,0.7564102564102564,0.06827259808778763,0.004221387207508087,-10.438379287719727,-6.291095733642578,104.6044921875,0.15335463258785942,0.0008839578367769718,1.879483534139581e-05,0.005984365940093994,119.68085106382979,0.009077804163098335,0.794629258517034,0.23102204408817636,0.0380859375,0.0380859375,Word.TAK,Gender.MALE
51,-0.0062272130146081,0.019509797994787394,0.019323941830714474,0.0007902719080448151,0.08947916666666667,203.97678052655533,201.76143158143222,0.3220338983050847,212.33993015133876,1888.707799767171,659.3713620488941,648.1955762514551,203.76680532442398,1.47498619556427,1.0,1.0,0.00023251771926879883,1.0,7.40545654296875,0.11242603550295859,0.021795840933918953,0.009492216631770134,-18.39434051513672,-8.603179931640625,115.29375457763672,0.13333333333333333,0.0016141292871907353,4.204305150778964e-05,0.007466742768883705,119.68085106382979,0.0008046455914154649,0.7485448195576252,0.31036088474970897,0.033040364583333336,0.033040364583333336,Word.TAK,Gender.FEMALE
52,-0.005095693351506196,0.019118699009418698,0.019188121778266252,0.0008428711444139481,0.0825625,221.2406442389349,219.36499593892518,0.32727272727272727,218.01665404996217,193.79258137774414,666.1619984859955,654.0499621498865,256.2971002457725,3.6050682067871094,1.0,1.0,-5.257981320028193e-05,1.0,17.289321899414062,1.125,0.00793975219130516,0.004693291150033474,-24.038419723510742,-2.419865131378174,152.46688842773438,0.16,0.0007055395399220288,2.259533357573673e-05,0.003326056059449911,0.0,0.00010793193359859288,0.7176381529144588,0.16073681554377997,0.0230712890625,0.0230712890625,Word.TAK,Gender.FEMALE
53,-0.00040748937922937926,0.030758600211968135,0.030301873528610766,-0.0013976097106933594,0.1005625,120.07153979672123,120.30250360821167,0.9836065573770493,596.6438781852082,1441.8893722809198,606.5879428216283,477.3151025481666,125.51437164677773,-914448.9375,2.0,2.0,11.191216468811035,1.0,4324626.0,0.41379310344827586,0.056592296808958054,0.032655421644449234,-13.139259338378906,-8.464221954345703,113.9532699584961,0.08333333333333333,0.0010817828588187695,8.528243142791325e-07,0.023679815232753754,0.0,0.005370052065700293,0.5589392997721152,0.5222705614253159,0.02421875,0.02421875,Word.TAK,Gender.MALE
54,-0.008481007973331615,0.0617067513884679,0.056446919018299326,0.0013896375894546509,0.41541666666666666,227.06666925244332,211.89261887185907,0.9763779527559057,596.9909729187564,2679.2377131394182,611.4343029087262,594.5837512537613,326.3830728830939,0.5518393516540527,1.0,1.0,0.0002980572753585875,1.0,2.625152826309204,0.22282120395327945,0.07355822622776031,0.05770343542098999,-13.679508209228516,-6.470839500427246,98.37321472167969,0.1610738255033557,0.0009077380527742207,1.4620163710787892e-05,0.05276109650731087,140.625,0.01143617182970047,0.8433801404212637,0.908074222668004,0.040364583333333336,0.040364583333333336,Word.RAND,Gender.FEMALE
55,-0.0037279024184021393,0.031058500224145975,0.030682919027094486,2.3990869522094727e-06,0.10664583333333333,187.1309810852257,185.5318233882619,1.0526315789473684,187.53662824770464,1781.5979683531941,178.1597968353194,356.3195936706388,272.4034397660887,0.694983720779419,1.0,1.0,0.0001849798281909898,1.0,4.398011684417725,0.10526315789473684,0.012218751944601536,0.005712147802114487,-20.186172485351562,-1.7957143783569336,136.76905822753906,0.1411764705882353,0.0007141677779145539,2.799297362798825e-05,0.0032440214417874813,0.0,0.00022883752535562962,0.5821449501855831,0.3467474116038289,0.022412109375,0.022412109375,Word.TAK,Gender.FEMALE
56,-0.0030913606585632747,0.06159358126922014,0.058150592542317914,-0.15981145203113556,0.24175,109.75746390427403,112.24807737181774,2.0357142857142856,235.78076525336093,322.64736297828335,115.8221302998966,239.91726990692865,1145.8799050834277,0.5413269400596619,1.0,1.0,3.445760376052931e-05,1.0,3.9178662300109863,0.7307692307692308,0.05038934573531151,0.030299535021185875,-8.991898536682129,-4.203976631164551,121.5524673461914,0.19718309859154928,0.0004526380798779428,3.792270945268683e-06,0.025132346898317337,119.68085106382979,0.004279381595551968,0.6544295070665288,0.33195449844881075,0.024456521739130436,0.024456521739130436,Word.RAND,Gender.MALE
57,-0.0002017434279898353,0.047313605371716846,0.04486745649624896,-0.002724073827266693,0.2740625,131.9762788343159,141.4213562373095,4.7,685.9749144811859,1251.539338654504,145.9521094640821,605.7012542759408,246.01648688029334,-1138693.375,3.0,4.0,-15.601136207580566,0.75,3240361.75,0.5481049562682216,0.03515971079468727,0.043308742344379425,-18.704336166381836,-5.230007648468018,129.49314880371094,0.17254901960784313,0.00045611269888468087,7.634276698809117e-06,0.029415423050522804,119.68085106382979,0.0029460941441357136,0.793082478145192,0.7824401368301026,0.023043118990384616,0.023043118990384616,Word.RAND,Gender.MALE
58,0.00023027391944529553,0.01275967936430045,0.012697784874787132,-0.0027953684329986572,0.05979166666666667,152.84039996264167,150.69866814745757,1.0232558139534884,735.8885017421603,133.79790940766551,719.1637630662021,769.3379790940767,198.67017277743773,0.6692750453948975,1.0,1.0,0.0003544124192558229,1.0,3.699714183807373,5.5,0.05485111102461815,0.027776405215263367,-12.902374267578125,-3.4065985679626465,92.87864685058594,0.14035087719298245,0.0024468135088682175,0.0008995242533273995,0.02425180748105049,140.625,0.004774392116814852,0.7508710801393729,0.6184668989547039,0.023763020833333332,0.023763020833333332,Word.TAK,Gender.MALE
59,0.002335591614593187,0.04532692078055193,0.04158731534667063,-0.0640067383646965,0.3926875,,,1.02,129.87426388667836,425.27455037402524,127.32770969282193,142.60703485596056,883.5144860636145,0.8375816345214844,1.0,1.0,0.000632243521977216,1.0,4.367792129516602,0.30538922155688625,0.008883449248969555,0.0136632788926363,-21.214820861816406,2.052003860473633,135.62405395507812,0.1751592356687898,0.0019511580467224121,0.00035759073216468096,0.009998960420489311,140.625,0.00019879925821442157,0.8912409146373813,0.29900790492864343,0.04035578547297297,0.04035578547297297,Word.TAK,Gender.MALE
60,0.004595048234382285,0.038544277193017513,0.03657958899022929,0.1774340718984604,0.1893125,109.81112879865718,109.68249796946259,1.6250000000000002,549.3562231759657,2366.457576758006,338.0653681082866,438.42852426543413,119.12691599101429,1.500234842300415,1.0,1.0,3.2261013984680176e-05,1.0,7.704221725463867,0.23214285714285718,0.044452276080846786,0.012632671743631363,-13.309480667114258,-4.728264808654785,121.0413589477539,0.10569105691056911,0.0007702026050537825,5.195014637138229e-06,0.019705042243003845,119.68085106382979,0.0034103342331945896,0.7736326620446792,0.6052602619126224,0.04079861111111111,0.04079861111111111,Word.NIE,Gender.MALE
61,-0.006264282319630367,0.024771000823274443,0.023564451001077912,-0.004094928503036499,0.16935416666666667,198.50100330994027,198.27544441704435,1.0096153846153846,620.0024603272235,2444.5811292901953,614.0976749907737,779.4316644113667,305.76151807998394,0.05388540402054787,1.0,1.0,0.0002537737018428743,1.0,2.871774196624756,0.2536231884057971,0.06823661178350449,0.02017255872488022,-17.730009078979492,-9.944421768188477,100.96988677978516,0.14929577464788732,0.0011980122653767467,5.68852692595101e-06,0.028111189603805542,119.68085106382979,0.009054748341441154,0.8735391807110345,0.43191044408906387,0.055908203125,0.055908203125,Word.TAK,Gender.FEMALE
62,0.005181871394992897,0.07828110683479314,0.0754234031438765,-0.002660393714904785,0.3059791666666667,127.86708399575149,129.68395546510095,2.0,261.4557091305236,3591.747804180568,130.7278545652618,258.18751276639205,136.03314401758055,1.6397325992584229,1.0,1.0,1.0703291081881616e-05,1.0,8.380311965942383,0.07279344858962693,0.030043950304389,0.016268007457256317,-14.18957233428955,0.8467286825180054,129.14151000976562,0.16129032258064516,0.000518572167493403,8.914938007364981e-06,0.011046335101127625,119.68085106382979,0.0014194418909028172,0.6528222237352761,0.7208415605637639,0.03162042025862069,0.03162042025862069,Word.NIE,Gender.MALE
63,0.0032166378993017802,0.05992663459875152,0.04766393665941745,0.0005949810147285461,0.3982291666666667,260.3848316182392,282.842712474619,0.9885057471264368,215.95605545383208,333.97855087627516,218.46717237771384,213.44493852995032,372.79962294942555,0.7355636358261108,1.0,1.0,0.00021038204431533813,1.0,3.747541666030884,0.6466165413533835,0.033887095749378204,0.0573744922876358,-18.051218032836914,-4.269867897033691,106.26741027832031,0.16568047337278108,0.0011753514409065247,0.00014958495739847422,0.03297244757413864,281.25,0.0027229178231209517,0.8118754904525242,0.32754381375882813,0.041966488486842105,0.041966488486842105,Word.RAND,Gender.MALE
64,0.0027981504325990253,0.08305281822081324,0.044829562430096365,0.003018125891685486,1.1202291666666666,147.75678976117692,146.40856959456255,0.9846625766871165,286.54851127931414,1292.592661471797,291.0118837291477,287.4411857692809,560.9781407306658,-603.6451416015625,1.0,2.0,-0.021073205396533012,0.75,2416.739990234375,0.22168508287292818,0.016174374148249626,0.014529772102832794,-23.177738189697266,-2.6031863689422607,132.98072814941406,0.1402061855670103,0.0010678904363885522,4.0264178096549585e-05,0.016882672905921936,110.29411764705883,0.0007356241112574935,0.9625820609622288,0.028361012441650704,0.0491920327240566,0.0491920327240566,Word.RAND,Gender.MALE
65,0.009127188332761695,0.04931304244231798,0.05363057035083703,-0.0005594082176685333,0.26485416666666667,248.9314389774303,248.37259827362635,3.0,747.5812160780304,1245.968693463384,249.1937386926768,245.41807598521197,254.3226190537585,76141166592.0,1.0,5.0,-240109.765625,0.2727272727272727,216129290240.0,0.6,0.023863881826400757,0.006024260073900223,-22.93253517150879,-7.037594795227051,138.37460327148438,0.16363636363636364,0.0005470938631333411,3.480193754512584e-06,0.009514445438981056,119.68085106382979,0.0010389990638941526,0.7870683552269331,0.1360811767482105,0.0286328125,0.0286328125,Word.TAK,Gender.FEMALE
66,-0.00012559498649312995,0.040238104119466864,0.03935158667122429,0.25533127784729004,0.16410416666666666,192.7780595421794,194.30638823072118,1.015625,396.08988193474676,517.9636917608227,389.99619144344297,383.9025009521392,182.37278120059833,0.879291296005249,1.0,1.0,0.0001928369892993942,1.0,4.384042263031006,0.7647058823529411,0.0781218558549881,0.089235320687294,-10.174010276794434,-3.118206262588501,101.70562744140625,0.19230769230769232,0.0006758258678019047,5.734451406169683e-05,0.05676130950450897,137.1951219512195,0.011125483550131321,0.7077567601878888,0.2606322203884728,0.01531982421875,0.01531982421875,Word.RAND,Gender.MALE
67,0.003554697253650766,0.019944496915143824,0.019698015837019068,-0.0013060420751571655,0.18983333333333333,261.35090054933596,257.8740616879158,1.0215827338129495,748.0245829675154,226.51448639157155,732.2212467076383,737.4890254609306,434.45950169672363,-752040.25,1.0,2.0,833.376953125,0.75,3743594.25,3.302325581395349,0.027660511434078217,0.05394818261265755,-23.877553939819336,-9.567154884338379,128.3736114501953,0.13846153846153847,0.0008124749292619526,9.171002602670342e-05,0.04788357764482498,137.1951219512195,0.0022165500558912754,0.9033143107989464,0.8622695346795435,0.03822157118055555,0.03822157118055555,Word.RAND,Gender.FEMALE
68,-0.009242574233780308,0.030606085570897536,0.030315553963598266,-0.5240505933761597,0.3141875,,,0.18048780487804877,117.76407400039784,2396.6580465486372,652.4766262184205,655.6594390292421,225.15064514320366,0.6634863615036011,1.0,1.0,0.00018459346028976142,1.0,3.7322444915771484,0.049136786188579015,0.062692791223526,0.05763791874051094,-8.804564476013184,-7.152707099914551,105.5639419555664,0.1619718309859155,0.0007047605467960238,1.9226528820581734e-05,0.05731291323900223,140.625,0.00828126072883606,0.9482792918241496,0.825542072806843,0.03870442708333333,0.03870442708333333,Word.NIE,Gender.MALE
69,-0.00034873416246363614,0.05368019731373362,0.04732489154206066,0.001043170690536499,0.5658333333333333,150.76571177220163,148.1097552286564,1.0120481927710843,296.9072164948454,2329.3078055964656,293.37260677466867,286.3033873343152,348.3651668485562,-1799977728.0,4.0,4.0,-37577.28125,1.0,5096875008.0,0.1274658573596358,0.037046149373054504,0.05516505613923073,-18.87858772277832,-4.839079856872559,121.2136001586914,0.15,0.001007953891530633,2.5234458007616922e-05,0.05365825444459915,181.4516129032258,0.004512851592153311,0.8977540500736377,0.05662739322533137,0.03953269675925926,0.03953269675925926,Word.RAND,Gender.MALE
70,-0.0002702999749293212,0.02306659327259097,0.02301229376820712,-0.06257480382919312,0.07385416666666667,228.98868236500115,229.83549286573714,1.0625,230.1833568406206,365.5853314527504,216.64315937940762,203.10296191819464,249.25234430647257,0.3418610095977783,1.0,1.0,6.0210270021343604e-05,1.0,2.825836181640625,0.6296296296296297,0.024330608546733856,0.013995800167322159,-19.33037567138672,-6.658461570739746,128.63735961914062,0.22727272727272727,0.000981455435976386,4.8484921535418835e-06,0.006661521270871162,0.0,0.0008691434049978852,0.5385049365303244,0.28180535966149506,0.017857142857142856,0.017857142857142856,Word.RAND,Gender.FEMALE
71,0.0012163229920599157,0.021687766576492563,0.021318216814344614,-0.0025433599948883057,0.10025,,,2.0,259.3516209476309,2184.5386533665837,129.67581047381546,239.40149625935163,1214.7725506764923,1.726041316986084,1.0,1.0,3.272294998168945e-05,1.0,10.19229793548584,0.1187214611872146,0.03840054199099541,0.006148148328065872,-11.324522972106934,-1.3810834884643555,107.53980255126953,0.21428571428571427,0.0018079016590490937,1.4829490282863844e-05,0.007027430459856987,119.68085106382979,0.002250454155728221,0.7310889443059019,0.5363674147963424,0.047998046875,0.047998046875,Word.NIE,Gender.MALE
72,-0.00114998663692731,0.013525974577171272,0.013445225754226638,-0.01178036630153656,0.06660416666666667,,,1.3513513513513513,750.7037847982484,1531.435720988427,555.5208007507039,1591.4920237722868,3753.929485763178,0.8218373656272888,1.0,1.0,0.00010678385297069326,1.0,5.736748218536377,0.4901960784313725,0.07289345562458038,0.032031409442424774,-8.982844352722168,-7.836312770843506,94.4696044921875,0.128,0.0025274381041526794,0.0006741491961292922,0.02153707668185234,140.625,0.009216338396072388,0.7644666875195496,0.6565530184548014,0.03669084821428571,0.03669084821428571,Word.TAK,Gender.MALE
73,-0.002849762196503878,0.04170935776770447,0.040525271321235,0.05220954865217209,0.14710416666666667,233.11773315313368,241.99881784385852,1.0571428571428572,251.52244724543263,530.2365104092904,237.92663928622005,244.72454326582636,1907.8688204148004,0.45246976613998413,1.0,1.0,8.310803241329268e-05,1.0,4.253598213195801,0.47435897435897434,0.018297068774700165,0.009022004902362823,-26.131637573242188,-8.553516387939453,145.355712890625,0.21951219512195122,0.0007513791206292808,8.819106369628571e-06,0.0054082125425338745,133.92857142857142,0.0004970076261088252,0.5841948732474154,0.5936836142189491,0.016287667410714284,0.016287667410714284,Word.NIE,Gender.FEMALE
74,-0.006816127357063703,0.042919292226936384,0.0397222369132471,-0.009191766381263733,0.22327083333333334,221.21106893658498,225.18771771607817,0.9818181818181818,241.85872912195578,2530.558925072315,246.33759447606607,586.7313613884482,296.24402261063364,2.6772613525390625,1.0,1.0,0.00011034523049602285,1.0,13.28718090057373,0.09557522123893805,0.10976328700780869,0.02450583130121231,-16.464710235595703,-16.269363403320312,88.98867797851562,0.14835164835164835,0.0007630810141563416,1.895327295642346e-05,0.038973093032836914,119.68085106382979,0.019250215962529182,0.7916394513389942,0.5569655687225903,0.03603980654761905,0.03603980654761905,Word.NIE,Gender.MALE
75,-0.009468786867103177,0.046339503206861477,0.046221947365800514,0.05243109539151192,0.17029166666666667,93.87781352511074,92.76591169413095,0.48484848484848486,93.95644727183753,563.7386836310252,193.7851724981649,463.9099584046978,1587.952347162874,118892.984375,3.0,1.0,0.4736715853214264,1.8,342218.28125,0.16666666666666666,0.0173579603433609,0.004916602745652199,-16.208683013916016,1.8247978687286377,149.3087615966797,0.22448979591836735,0.0004971304442733526,4.588063347910065e-06,0.003521145321428776,119.68085106382979,0.00045584983308799565,0.6058233423048691,0.1773917298752141,0.01849365234375,0.01849365234375,Word.NIE,Gender.MALE
76,-0.009090200703317279,0.026926940259144123,0.026954547198994837,0.48578912019729614,0.188125,198.50808574315408,194.30638823072118,1.0025000000000002,2131.56146179402,207.3089700996678,2126.2458471760797,3099.0033222591364,500.1258774011824,-244373.71875,2.0,3.0,-31.413326263427734,0.5555555555555556,786033.875,10.282051282051281,0.07930271327495575,0.022842824459075928,-13.854290008544922,-5.341403007507324,98.3449935913086,0.1396103896103896,0.002552903024479747,8.813824024400674e-06,0.01543540507555008,119.68085106382979,0.011989125981926918,0.8888150609080842,0.7806201550387597,0.08412000868055555,0.08412000868055555,Word.NIE,Gender.FEMALE
77,-0.0017301702596986736,0.018944618914388714,0.0184348204282892,-0.013866618275642395,0.13147916666666667,157.73716181200297,158.74010519681997,1.0499999999999998,159.7211218507368,3133.5762953573126,152.11535414355887,2083.9803517667565,377.17808666485485,1.820025086402893,1.0,1.0,0.00013769736688118428,1.0,9.16218376159668,0.050970873786407765,0.052348554134368896,0.027602043002843857,-12.34745979309082,-2.0660128593444824,93.80924987792969,0.14838709677419354,0.003493201918900013,3.446263508521952e-05,0.020863745361566544,119.68085106382979,0.005278458818793297,0.8984313104103946,0.5314530185390588,0.06084735576923077,0.06084735576923077,Word.NIE,Gender.MALE
78,0.009105141623090944,0.08339604018150121,0.04645029106880329,0.5849305391311646,0.6615208333333333,180.57541313483057,165.29006363084235,1.0108303249097472,423.26709287311434,1493.5281705665604,418.7320883066167,420.24375649544925,2271.454397213365,0.6241151094436646,1.0,1.0,0.0014228756772354245,1.0,3.9992167949676514,0.2834008097165992,0.08112679421901703,0.07463262975215912,-16.23891830444336,-6.148375511169434,93.5965805053711,0.145748987854251,0.002759359311312437,5.612711902358569e-05,0.04484105855226517,225.0,0.017215671017766,0.876610084086543,0.9455484521147608,0.11077008928571429,0.11077008928571429,Word.RAND,Gender.MALE
79,-0.020929852370487084,0.08244027299500595,0.09520663384141945,0.00015325844287872314,0.6753958333333333,107.24448467693334,103.22835802424348,1.855263157894737,208.76646411055245,900.2128381504673,112.52660476880841,111.0459915481662,125.47470350619076,0.857140302658081,1.0,1.0,0.0001400943292537704,1.0,4.876702785491943,0.23190789473684212,0.025109359994530678,0.019349927082657814,-14.978487014770508,-1.6891534328460693,128.2106475830078,0.17105263157894737,0.00036849599564448,3.272015601396561e-05,0.013474889099597931,122.28260869565217,0.001200480735860765,0.9205712699342978,0.9525586847219223,0.03046417236328125,0.03046417236328125,Word.NIE,Gender.MALE
80,-0.0012625660758300537,0.04481230949408362,0.04566004741486671,0.14587387442588806,0.19735416666666666,188.54465514796075,175.26189038119313,1.6363636363636365,273.6197614272142,957.6691649952496,167.212076427742,567.5076533305183,1396.4977546466835,1.1492844820022583,1.0,1.0,0.00011190558871021494,1.0,6.1309967041015625,0.28571428571428575,0.041097965091466904,0.009343154728412628,-12.975203514099121,-1.1908221244812012,112.79399871826172,0.14720812182741116,0.0007801100728102028,2.6458987122168764e-05,0.010782822966575623,119.68085106382979,0.00256731896661222,0.7213132059537634,0.8130476089939829,0.02934827302631579,0.02934827302631579,Word.NIE,Gender.MALE
81,0.0013683553622338557,0.06421298401176373,0.07041210270025802,0.4612641930580139,1.0781666666666667,149.15478337153763,149.3992269999692,0.9968847352024921,296.80012366671815,1657.4431906013294,297.72762405317667,148.40006183335908,780.7322397949836,1.6799137592315674,1.0,1.0,0.00022367069323081523,1.0,8.697589874267578,0.17907106883044205,0.030212940648198128,0.050724174827337265,-21.122756958007812,-1.3857221603393555,121.12525939941406,0.1396761133603239,0.0015795029466971755,9.827353642322123e-05,0.05273355543613434,152.02702702702703,0.0034889732487499714,0.9617792549080229,0.02023110217962591,0.06336645986519608,0.06336645986519608,Word.RAND,Gender.MALE
82,0.006950001462676679,0.058276100433626986,0.05567973809617104,0.0012958608567714691,0.18047916666666666,165.5810458629017,164.8140632740002,0.9672131147540984,326.9075378044557,986.2634191388664,337.9891492554542,332.44834352995497,1723.5207304619844,0.9320963025093079,1.0,1.0,0.00025151032605208457,1.0,4.956954002380371,0.33146067415730335,0.03171130269765854,0.01006479561328888,-29.397937774658203,-12.401094436645508,117.50993347167969,0.25925925925925924,0.0004992707981728017,4.006180097348988e-05,0.008479957468807697,119.68085106382979,0.0014260498574003577,0.4914002077802147,0.41163569202354844,0.026424632352941176,0.026424632352941176,Word.NIE,Gender.FEMALE
83,0.0027241255893019484,0.010637635618352214,0.010584290752845251,-0.5442484617233276,0.0554375,117.18601754086941,117.55479062836088,0.8250000000000001,595.2649379932355,1497.181510710259,721.5332581736188,703.4949267192784,377.615395369195,0.024663366377353668,4.0,1.0,0.00013325682084541768,1.3333333333333333,1.8603616952896118,0.39759036144578314,0.12396801263093948,0.031827203929424286,-4.6784467697143555,-6.898440361022949,84.93682098388672,0.21428571428571427,0.0033910907804965973,0.0009293495095334947,0.036565035581588745,0.0,0.02914898283779621,0.7662532882375047,0.47839158211198796,0.022786458333333332,0.022786458333333332,Word.RAND,Gender.MALE
84,0.0002251596020906195,0.01981668579214789,0.019549597977363567,-0.1592136174440384,0.10264583333333334,,,0.9615384615384616,243.5559163791354,2503.754820377512,253.2981530343008,233.81367972396998,1233.797836827152,0.2845291495323181,1.0,1.0,0.00010031602869275957,1.0,4.091760635375977,0.09727626459143969,0.037225354462862015,0.01115717738866806,-12.244906425476074,-0.044218510389328,109.29410552978516,0.13716814159292035,0.0023820302449166775,1.3729526472161524e-05,0.008215900510549545,119.68085106382979,0.0022089662961661816,0.7998782220418105,0.6297950071037143,0.048779296875,0.048779296875,Word.NIE,Gender.MALE
85,0.0030516729055267942,0.01942828388984311,0.01907856202720437,-0.004199191927909851,0.10958333333333334,119.32173342783271,120.65498177039973,0.1368421052631579,118.63117870722435,784.7908745247149,866.9201520912549,1113.3079847908748,173.84267178789221,0.35123246908187866,1.0,1.0,0.00016040461196098477,1.0,2.7535200119018555,0.1511627906976744,0.03626001626253128,0.007383633404970169,-9.375593185424805,-3.386833429336548,112.59013366699219,0.15625,0.0025159171782433987,7.384249329334125e-06,0.0077067408710718155,0.0,0.0023303183261305094,0.8452471482889734,0.36520912547528517,0.0302734375,0.0302734375,Word.TAK,Gender.MALE
86,0.001235766514444396,0.09720175184862988,0.0844261338847254,2.3677945137023926e-05,0.411625,270.83156474311323,270.0744946607585,0.9966666666666667,726.3893106589736,1564.5308229577895,728.8187063467963,748.2538718493776,286.4407799925288,-15872.90625,3.0,3.0,1.5806738138198853,1.3333333333333333,70517.6796875,0.46428571428571425,0.0357944630086422,0.010453158989548683,-24.665197372436523,-10.138932228088379,122.30254364013672,0.1447721179624665,0.00048595876432955265,4.5849301386624575e-06,0.009637771174311638,281.25,0.0021733560133725405,0.712926409555623,0.09378479603198704,0.03788561698717949,0.03788561698717949,Word.TAK,Gender.FEMALE
87,-0.0013892329338924536,0.01963457718605052,0.019490021264046052,-0.1441234052181244,0.071875,294.24545829645905,293.66527540461504,1.5,876.5217391304349,681.7391304347826,584.3478260869566,862.608695652174,302.2552555045496,1.6880881786346436,1.0,1.0,0.00018773015472106636,1.0,8.82434368133545,1.2857142857142858,0.048662927001714706,0.01939736306667328,-21.417003631591797,-13.82236385345459,101.8967514038086,0.05,0.0012458947021514177,3.037968053831719e-05,0.014850582927465439,0.0,0.003991700708866119,0.6263768115942029,0.5759420289855073,0.030691964285714284,0.030691964285714284,Word.TAK,Gender.FEMALE
88,-0.00411854859421391,0.03529600562954455,0.03432066972332504,0.41806334257125854,0.15797916666666667,180.3319430486725,178.17974362806785,1.0091743119266054,696.2943426084663,854.5430568376631,689.9643940392984,702.6242911776342,227.24033193559504,320180416.0,1.0,5.0,-8287.82421875,0.2727272727272727,881952192.0,0.8148148148148149,0.1103462353348732,0.007706277072429657,-13.105985641479492,-16.621627807617188,96.29300689697266,0.19801980198019803,0.0007596107898280025,2.931979679487995e-06,0.021394848823547363,0.0,0.02149236388504505,0.7359883950942898,0.6699195569036002,0.03899739583333333,0.03899739583333333,Word.TAK,Gender.FEMALE
89,0.007122583622560345,0.06704101010497313,0.0669789148643045,-0.15755942463874817,0.5784166666666667,153.99076950079876,161.04970486634184,0.8606271777003485,427.0278057916727,1747.8749459732028,496.18210632473705,432.2143783316525,163.61647393410666,1.1050186157226562,1.0,1.0,0.0004260412242729217,1.0,6.12070369720459,0.2443125618199802,0.022240983322262764,0.01986776664853096,-20.03963279724121,-7.00661563873291,119.88361358642578,0.1444866920152091,0.0008276762091554701,2.938760007964447e-05,0.02008902095258236,234.375,0.0010161807294934988,0.919247946981703,0.20486961532920328,0.048792613636363634,0.048792613636363634,Word.RAND,Gender.MALE
90,-0.0008036433082034,0.09422953984050438,0.07189908009241316,0.001297876238822937,0.5576458333333333,271.184559323349,272.42127005817173,0.9926470588235293,242.0891396122091,989.8755930810328,243.88239249822547,234.91612806814365,282.8231539139161,2.1869115829467773,1.0,1.0,0.0001317305286647752,1.0,10.695157051086426,0.24456521739130435,0.10318627953529358,0.1242879331111908,-23.201047897338867,-12.958426475524902,98.29877471923828,0.14746543778801843,0.0005786173860542476,1.965647970791906e-05,0.0775999128818512,281.25,0.022197555750608444,0.8101019912578922,0.12309933873799828,0.03187647405660377,0.03187647405660377,Word.RAND,Gender.MALE
91,-0.003272357814759125,0.06060156998977863,0.06259113291797472,0.15388929843902588,0.5067916666666666,231.4117444680303,233.75544971224912,0.9948979591836734,769.5469867631341,1101.0441502918688,773.4933815670477,398.58587519526435,261.9327833444368,-2968.66552734375,1.0,2.0,-0.05954660847783089,0.75,12363.955078125,0.6989247311827956,0.02239668369293213,0.0504826121032238,-27.283597946166992,-4.606956481933594,139.32786560058594,0.14285714285714285,0.0010516426991671324,1.4452275536314119e-05,0.0384342186152935,255.6818181818182,0.00146550836507231,0.8692345638411576,0.8598207679026556,0.0340576171875,0.0340576171875,Word.RAND,Gender.FEMALE
92,0.0009137468675168049,0.05462205062154332,0.05318733289391378,-8.950009942054749e-05,0.17341666666666666,227.81738039897303,237.8414230005442,0.9772727272727272,247.95771263815473,155.69437770302738,253.7241710716002,224.8918789043729,232.59675994523334,0.5957054495811462,1.0,1.0,0.00014475414354819804,1.0,3.3107399940490723,1.5925925925925926,0.03490840271115303,0.021287504583597183,-20.09075355529785,-5.6907267570495605,127.39054107666016,0.14285714285714285,0.001093008671887219,1.8866259779315442e-05,0.009730298072099686,140.625,0.001756248064339161,0.5099711677078328,0.6570158577606919,0.010052849264705883,0.010052849264705883,Word.RAND,Gender.FEMALE
93,-0.01625615902681938,0.06909946131286612,0.05976717992170141,-0.00631357729434967,0.4106458333333333,102.74462629293791,99.13772220852218,0.9942857142857142,423.7227943787733,1582.872507736797,426.15798285221456,591.7507990462179,169.53679556807344,1.4106647968292236,1.0,1.0,0.0002773297601379454,1.0,7.026806831359863,0.2676923076923077,0.0581674687564373,0.022789079695940018,-12.107658386230469,-9.807483673095703,100.3116226196289,0.16176470588235295,0.0005711038829758763,4.8439454985782504e-05,0.015734106302261353,255.6818181818182,0.005637474823743105,0.8333925219420628,0.8695144842981076,0.047526041666666664,0.047526041666666664,Word.NIE,Gender.MALE
94,-0.016293418735235585,0.09853070839404146,0.06103236235129381,-0.2978511452674866,1.0667916666666666,192.02545220242436,198.8480847635095,1.0063291139240507,596.1801351404133,2758.7392102487993,592.4305745420459,579.30711244776,1127.0329264442996,0.9827372431755066,1.0,1.0,0.0010386289795860648,1.0,5.448517322540283,0.2161060142711519,0.03366944193840027,0.008161460980772972,-20.598037719726562,-8.087745666503906,104.44139099121094,0.1313383208645054,0.0021509863436222076,0.0001335267734248191,0.015167128294706345,133.92857142857142,0.0027447037864476442,0.9383470687028864,0.9566066476584775,0.08217628403465346,0.08217628403465346,Word.RAND,Gender.FEMALE
95,0.0037927674624555346,0.07683717445935724,0.07567698781634252,-0.000239543616771698,0.2501875,238.0415514972689,243.40070273411817,1.1190476190476188,187.8591056707469,503.6222832875343,167.87409442917811,195.85311016737447,1210.440638891125,0.478435754776001,1.0,1.0,0.00019288368639536202,1.0,3.251615524291992,0.373015873015873,0.04723440110683441,0.01905495673418045,-15.51138687133789,-3.514514684677124,108.86207580566406,0.35714285714285715,0.0004766869533341378,4.165873906458728e-05,0.006407137960195541,119.68085106382979,0.0031637889333069324,0.5201931884420018,0.24897993171787824,0.017191569010416668,0.017191569010416668,Word.NIE,Gender.MALE
96,-0.0011274686722105576,0.019667978262557763,0.019476891186372768,-0.1293715238571167,0.07822916666666667,108.20117157807478,109.68249796946259,1.0192307692307692,677.4966711051931,869.2410119840213,664.7137150466045,115.04660452729694,3316.170275160981,-347244800.0,1.0,2.0,1812.3662109375,0.75,1130013824.0,0.7794117647058824,0.03795629367232323,0.019490741193294525,-10.656906127929688,-3.52630615234375,115.14579010009766,0.15,0.002103325678035617,0.0001932796003529802,0.013360550627112389,0.0,0.002320145256817341,0.648202396804261,0.507323568575233,0.02899169921875,0.02899169921875,Word.TAK,Gender.MALE
97,-0.0059365745800072645,0.045771195078628236,0.047935139686632225,0.14406205713748932,0.32129166666666664,111.26270409530039,112.57132265577522,3.1142857142857148,339.25560887044486,3517.0535598495658,108.9352872519777,112.04772403060564,1539.2260095802887,1.2650169134140015,1.0,1.0,0.0002997581323143095,1.0,6.2293291091918945,0.09646017699115045,0.025542685762047768,0.041403789073228836,-19.161401748657227,0.026872992515563965,125.47742462158203,0.1267605633802817,0.0010125447297468781,0.00034248936572112143,0.03388539329171181,281.25,0.0016237683594226837,0.8381532875113474,0.16489430683439243,0.08344884072580645,0.08344884072580645,Word.RAND,Gender.MALE
98,0.0029869919884251226,0.014429025009006575,0.014317818724091165,0.008897364139556885,0.0950625,,,1.0634920634920635,1409.5989480604867,336.62064431295204,1325.4437869822486,957.2649572649574,986.3176573110288,0.8147779703140259,1.0,1.0,0.0007177144289016724,1.0,4.090067386627197,4.1875,0.039181578904390335,0.01320217177271843,-19.752058029174805,-9.381930351257324,99.73558044433594,0.19327731092436976,0.0017736473819240928,3.95711867895443e-05,0.016898836940526962,140.625,0.0027107778005301952,0.883410037256191,0.7197019504711812,0.04763454861111111,0.04763454861111111,Word.RAND,Gender.MALE
99,0.004612628736681199,0.0351036208838752,0.043058502988890524,0.0007114261388778687,0.30114583333333333,160.27805749103072,160.5845763726753,0.979591836734694,159.39121411276375,338.70632998962293,162.71186440677965,156.07056381874784,1052.5994418522662,0.9926056265830994,1.0,1.0,0.00011503483256092295,1.0,4.755400657653809,0.4705882352941177,0.015278779901564121,0.0309610478579998,-18.08919334411621,6.050723075866699,136.37753295898438,0.07142857142857142,0.0007055486203171313,0.0003101415641140193,0.026445619761943817,137.1951219512195,0.0006585385417565703,0.8744379107575233,0.003043929436181252,0.027865705818965518,0.027865705818965518,Word.RAND,Gender.MALE
100,0.0009541394376137505,0.04763305825466969,0.04544923559348324,0.0004602298140525818,0.1988125,95.2235393817054,93.03460542390584,1.0092592592592593,548.255265639736,326.9412134548884,543.225400817353,100.59729644765797,1353.3569524378897,1.8983712196350098,1.0,1.0,6.569762626895681e-05,1.0,8.567007064819336,1.6769230769230772,0.055866360664367676,0.029205799102783203,-10.535128593444824,-4.095705986022949,115.28622436523438,0.18110236220472442,0.0008831869345158339,4.776168680109549e-06,0.021166589111089706,119.68085106382979,0.005028636660426855,0.6955883893953684,0.38206014880016764,0.023643092105263157,0.023643092105263157,Word.NIE,Gender.MALE
101,0.0016671214153018803,0.02401375376085858,0.02365734493798291,-0.014717236161231995,0.10214583333333334,119.99588468191912,120.30250360821167,0.8356164383561645,597.1853966959005,1331.4297368957782,714.6644911278809,724.4544156638792,229.36973238241234,0.01710669882595539,1.0,3.0,7.972307503223419e-05,0.5555555555555556,1.8531534671783447,0.4485294117647059,0.07425881922245026,0.02854015678167343,-11.58309268951416,-7.369715690612793,110.0304946899414,0.2916666666666667,0.00144398701377213,8.53300718972605e-07,0.025454610586166382,0.0,0.009878679178655148,0.6895778095043851,0.42524984703242913,0.031640625,0.031640625,Word.TAK,Gender.MALE
102,-0.0007379220460225037,0.03989466530093376,0.04106192889830153,-0.002466544508934021,0.2490625,95.60743511342419,95.48416039104166,1.1377245508982035,762.8607277289838,975.6587202007529,670.5144291091594,766.8757841907152,359.50524999266554,0.9280131459236145,1.0,1.0,0.0002027239097515121,1.0,3.9258928298950195,0.7818930041152263,0.052016280591487885,0.04241132736206055,-15.02263355255127,-8.199517250061035,109.50285339355469,0.1254355400696864,0.001143762143328786,2.5110946808126755e-05,0.035748131573200226,119.68085106382979,0.004948792979121208,0.8671685487243831,0.8705980761187787,0.037190755208333336,0.037190755208333336,Word.TAK,Gender.MALE
103,-0.002347539955768564,0.08746598255926638,0.07271792424973375,-0.2600775957107544,0.39627083333333335,107.57181471017763,105.33610359548358,1.00418410041841,605.6463908311866,3008.0437411282273,603.1228642027233,608.1699174596499,273.9742967121054,1.1121461391448975,1.0,1.0,0.00033305585384368896,1.0,5.723278045654297,0.20134228187919462,0.06981249898672104,0.009297996759414673,-11.837929725646973,-12.677192687988281,92.165283203125,0.15825688073394495,0.0008387545240111649,8.403339597862214e-05,0.016086485236883163,216.34615384615384,0.008467195555567741,0.7331370590400084,0.8705641133484044,0.04498612253289474,0.04498612253289474,Word.NIE,Gender.MALE
104,0.0001466028294423473,0.02945837177236252,0.027983610777515492,-0.00725245475769043,0.188875,71.67042408135562,71.53229662176292,1.0588235294117647,190.60225016545334,2027.7961614824621,180.0132362673726,518.8616810059564,383.0672017251061,0.9924519062042236,1.0,1.0,0.00015515487757511437,1.0,6.108458518981934,0.0939947780678851,0.07151525467634201,0.05301192030310631,-10.103229522705078,-11.200815200805664,99.29249572753906,0.1267605633802817,0.001865072175860405,1.8043174350168556e-05,0.03691297769546509,119.68085106382979,0.00985267199575901,0.8536289433046548,0.5893448047650562,0.0654568142361111,0.0654568142361111,Word.NIE,Gender.MALE
105,-0.006545216229487293,0.052155872009892516,0.07466787723473561,0.0011789649724960327,0.4003125,86.2955267060205,84.08964152537145,0.943661971830986,167.36924277907886,422.17017954722877,177.36143637782982,587.0413739266198,156.49216631130784,1.0391806364059448,1.0,1.0,0.0001271750224987045,1.0,5.8865532875061035,0.3964497041420118,0.0102761285379529,0.003724171780049801,-19.174524307250977,-1.5454999208450317,143.61021423339844,0.2033898305084746,0.0004711125511676073,4.4732820242643356e-05,0.004439114592969418,216.34615384615384,0.00017765603843145072,0.9280770231589903,0.9335935467083009,0.03276624177631579,0.03276624177631579,Word.NIE,Gender.MALE
106,-0.005527113466572517,0.06510046747762463,0.049973023399386945,-0.003504917025566101,0.4270625,167.55779682954258,160.1274692784142,1.005524861878453,426.1671301039075,1440.0702473291378,423.82555246597394,433.19186301770816,173.60856374227873,1.6719207763671875,1.0,1.0,8.410428563365713e-05,1.0,8.120936393737793,0.2959349593495935,0.08138082176446915,0.061286892741918564,-15.6363525390625,-14.388847351074219,96.56563568115234,0.16049382716049382,0.0007552853785455227,2.089068766508717e-05,0.039200980216264725,234.375,0.011452944949269295,0.8705302697692571,0.35801746426654957,0.034477419969512195,0.034477419969512195,Word.RAND,Gender.MALE
107,0.003837215012630908,0.037162866787210355,0.036452794180245274,-0.23437464237213135,0.1574375,104.71380881937931,104.12795233310021,0.5151515151515152,107.97935688765384,355.69670504168323,209.6069868995633,101.62763001190949,243.67548969531902,-124031025152.0,1.0,3.0,-35094112.0,0.75,1122787000320.0,0.30357142857142855,0.06793791800737381,0.020989451557397842,-8.449459075927734,-4.604312896728516,122.03524780273438,0.18627450980392157,0.0007130090380087495,9.886398402159102e-07,0.030140157788991928,0.0,0.0069972756318748,0.7076882360725155,0.1839354241100966,0.018294270833333334,0.018294270833333334,Word.RAND,Gender.MALE
108,-0.020516420810453795,0.08922892241763987,0.10021480135189725,-0.000612916424870491,0.2990833333333333,214.9817563797319,216.8453740602837,1.0317460317460316,217.33073279465032,628.5873502368348,210.6436333240457,213.987183059348,1035.2411903783134,1.145042896270752,1.0,1.0,0.00011149474448757246,1.0,5.6080522537231445,0.3457446808510638,0.021268494427204132,0.003933954983949661,-21.524404525756836,1.6536744832992554,139.66542053222656,0.18181818181818182,0.000553546124137938,3.146521339658648e-05,0.0041516851633787155,312.5,0.0006206845864653587,0.5236138200055726,0.8684870437447757,0.017797009698275863,0.017797009698275863,Word.NIE,Gender.FEMALE
109,-0.0008856443088861845,0.015040147746200081,0.01497232437866797,-0.2557852864265442,0.0668125,229.6615393941918,227.7662759803166,0.7377049180327868,673.5266604303087,553.7885874649205,913.0028063610852,688.4939195509822,243.75333264554294,-0.007159225642681122,2.0,2.0,0.0001521514932392165,1.0,1.6005305051803589,1.216216216216216,0.06801095604896545,0.039361707866191864,-19.93618392944336,-13.258729934692383,102.68487548828125,0.18867924528301888,0.0019702203571796417,0.0004300459404475987,0.029451750218868256,0.0,0.008673114702105522,0.7545993140006236,0.3249142500779545,0.028111049107142856,0.028111049107142856,Word.RAND,Gender.FEMALE
110,0.0023253339443714306,0.024269965797017484,0.024238978224934468,-0.13935525715351105,0.128,136.8187928868691,136.60402567543954,1.0185185185185186,429.6875,445.3125,421.875,273.4375,131.36374588574478,1.3205143213272095,2.0,1.0,0.00010845757060451433,1.0,6.733254909515381,0.9649122807017544,0.032536108046770096,0.03164885565638542,-16.252422332763672,-9.37954044342041,113.0874252319336,0.10526315789473684,0.0019617413636296988,1.7659371223999187e-05,0.02524641528725624,119.68085106382979,0.00215894659049809,0.7765299479166666,0.7698567708333334,0.029259314903846152,0.029259314903846152,Word.RAND,Gender.MALE
111,-0.0009154702261377767,0.03893179191012517,0.03813122964722117,-0.051080845296382904,0.114,218.789615897282,211.30356150710992,1.0909090909090908,210.5263157894737,587.719298245614,192.9824561403509,219.2982456140351,2369.3718024833506,898020864.0,1.0,1.0,-3086.415283203125,1.0,2483213824.0,0.35820895522388063,0.021589575335383415,0.012253183871507645,-24.318923950195312,-5.327323913574219,152.33494567871094,0.16666666666666666,0.0005117153632454574,3.2124823974299943e-06,0.006343300454318523,0.0,0.0006602185894735157,0.46600877192982454,0.45632309941520466,0.008345170454545454,0.008345170454545454,Word.RAND,Gender.FEMALE
112,0.01169099420143178,0.045951766008204414,0.04476476829092797,-0.00032730400562286377,0.13820833333333332,183.58236166341806,186.60971136124527,1.04,188.12179680434127,354.53723243895087,180.88634308109738,173.6508893578535,2015.683648670956,0.7720773220062256,1.0,1.0,0.00014265919162426144,1.0,4.6148505210876465,0.5306122448979592,0.03145010769367218,0.019579481333494186,-18.856407165527344,-0.6779847145080566,136.0415802001953,0.16666666666666666,0.00045162125024944544,2.099687117151916e-05,0.006068620830774307,119.68085106382979,0.0014182182494550943,0.48884534217666564,0.41799819113656916,0.010817307692307692,0.010817307692307692,Word.NIE,Gender.FEMALE
113,0.0010180413384188042,0.022258594261616894,0.022053448548747443,0.083065927028656,0.0791875,125.58340884405608,125.99210498948732,1.0204081632653061,631.4127861089188,517.7584846093134,618.7845303867404,757.6953433307025,204.11801920508256,-0.005226440727710724,3.0,1.0,0.0001347430661553517,1.3333333333333333,1.7320942878723145,1.2195121951219512,0.028988949954509735,0.01738363318145275,-19.148807525634766,-6.577791690826416,121.04750061035156,0.28,0.0016152538591995835,0.00010311511141480878,0.011302057653665543,119.68085106382979,0.001384092029184103,0.6127334911865299,0.49171270718232046,0.02880859375,0.02880859375,Word.TAK,Gender.MALE
114,-0.001890328141206864,0.014305270600975858,0.014307986587818119,0.19027657806873322,0.06777083333333334,123.48429122072277,122.05692512821045,0.5,118.0448816477098,1091.9151552413157,236.0897632954196,737.7805102981863,611.0113077957664,0.4335421919822693,1.0,1.0,0.00019236121443100274,1.0,3.572746515274048,0.1081081081081081,0.048194825649261475,0.006636165082454681,-7.799901962280273,-2.292365312576294,94.88339233398438,0.11666666666666667,0.002547767711803317,0.0004696566902566701,0.010813340544700623,119.68085106382979,0.0038555965293198824,0.7639102367045804,0.7854288349216109,0.03187779017857143,0.03187779017857143,Word.TAK,Gender.MALE
115,0.000981305403781432,0.018690115821917264,0.018575543910823,0.009492233395576477,0.0954375,116.55722561650259,116.20649727167593,0.9705882352941176,691.5520628683694,1760.3143418467585,712.5081859855927,576.2933857236411,258.3214074962508,0.14559873938560486,1.0,1.0,0.00010075739555759355,1.0,2.437429189682007,0.39285714285714285,0.08046992868185043,0.01005234569311142,-7.700618267059326,-5.649899005889893,106.63406372070312,0.14754098360655737,0.0016290853964164853,1.819342855924333e-06,0.012978978455066681,0.0,0.01167085487395525,0.7629338572364113,0.7225496616459288,0.03369140625,0.03369140625,Word.TAK,Gender.MALE
116,-0.004423753566713425,0.05835019504003102,0.058559098380066996,0.0013375766575336456,0.38725,210.6346530146924,214.35826846713394,0.872093023255814,193.67333763718528,578.4377017430601,222.07876049063913,196.2556488056811,244.98223287735655,4500.07177734375,2.0,2.0,-0.9606174826622009,1.0,23878.431640625,0.33482142857142855,0.013872815296053886,0.019101444631814957,-21.312545776367188,-0.6768614053726196,140.05419921875,0.19387755102040816,0.00044027011608704925,4.733129753731191e-05,0.01622893661260605,119.68085106382979,0.0004272749356459826,0.8217667312244459,0.1483752958898214,0.02995671452702703,0.02995671452702703,Word.RAND,Gender.FEMALE
